{"stats":{"minecraft:killed_by":{"minecraft:creeper":1},"minecraft:used":{"minecraft:stone_axe":17,"minecraft:stone_sword":130,"minecraft:cobbled_deepslate":3,"minecraft:shield":16,"minecraft:iron_pickaxe":248,"minecraft:wooden_pickaxe":24,"minecraft:copper_sword":23,"minecraft:cooked_chicken":1,"minecraft:cobblestone":14,"minecraft:water_bucket":5,"minecraft:bucket":5,"minecraft:crafting_table":4,"minecraft:dripstone_block":2,"minecraft:iron_chestplate":1,"minecraft:furnace":3,"minecraft:egg":2,"minecraft:copper_helmet":1,"minecraft:bread":23,"minecraft:white_bed":2,"minecraft:torch":19,"minecraft:stone_pickaxe":58,"minecraft:pointed_dripstone":2,"minecraft:bow":3,"minecraft:iron_boots":1},"minecraft:dropped":{"minecraft:rotten_flesh":14,"minecraft:beetroot_seeds":1,"minecraft:pointed_dripstone":2,"minecraft:andesite":4,"minecraft:leaf_litter":3,"minecraft:gravel":3,"minecraft:bone":1,"minecraft:wooden_pickaxe":1,"minecraft:wheat_seeds":2,"minecraft:gunpowder":3,"minecraft:dripstone_block":2,"minecraft:feather":5,"minecraft:azure_bluet":1},"minecraft:crafted":{"minecraft:stone_sword":1,"minecraft:bucket":1,"minecraft:furnace":2,"minecraft:iron_ingot":27,"minecraft:copper_ingot":8,"minecraft:cooked_chicken":1,"minecraft:stone_pickaxe":1,"minecraft:bread":24,"minecraft:iron_boots":1,"minecraft:iron_chestplate":1,"minecraft:crafting_table":3,"minecraft:torch":28,"minecraft:stick":28,"minecraft:wooden_pickaxe":1,"minecraft:shield":1,"minecraft:stone_axe":1,"minecraft:copper_helmet":1,"minecraft:oak_planks":40,"minecraft:copper_sword":1,"minecraft:iron_pickaxe":1,"minecraft:bow":2,"minecraft:air":0,"minecraft:wheat":72,"minecraft:iron_leggings":1},"minecraft:killed":{"minecraft:zombie":19,"minecraft:skeleton":12,"minecraft:chicken":1,"minecraft:creeper":2,"minecraft:zombie_villager":2,"minecraft:cow":1,"minecraft:bat":1,"minecraft:spider":4},"minecraft:picked_up":{"minecraft:dirt":8,"minecraft:cobblestone":204,"minecraft:white_bed":6,"minecraft:gravel":5,"minecraft:torch":4,"minecraft:bone":9,"minecraft:azure_bluet":2,"minecraft:dripstone_block":4,"minecraft:bread":21,"minecraft:leaf_litter":6,"minecraft:coal":76,"minecraft:stone_pickaxe":1,"minecraft:oak_log":10,"minecraft:furnace":2,"minecraft:diamond":16,"minecraft:wheat_seeds":2,"minecraft:granite":16,"minecraft:spider_eye":2,"minecraft:egg":4,"minecraft:diorite":20,"minecraft:feather":5,"minecraft:oak_planks":29,"minecraft:chicken":4,"minecraft:bow":3,"minecraft:crafting_table":2,"minecraft:arrow":9,"minecraft:raw_copper":45,"minecraft:rotten_flesh":23,"minecraft:raw_iron":69,"minecraft:beef":6,"minecraft:cobbled_deepslate":7,"minecraft:andesite":4,"minecraft:beetroot_seeds":2,"minecraft:pointed_dripstone":4,"minecraft:hay_block":8,"minecraft:string":1,"minecraft:stone_sword":1,"minecraft:copper_ingot":1,"minecraft:stone_axe":1,"minecraft:gunpowder":3},"minecraft:broken":{"minecraft:stone_sword":1},"minecraft:mined":{"minecraft:torch":1,"minecraft:granite":16,"minecraft:dirt":8,"minecraft:andesite":4,"minecraft:coal_ore":29,"minecraft:diorite":20,"minecraft:hay_block":8,"minecraft:cobblestone":1,"minecraft:white_bed":4,"minecraft:gravel":5,"minecraft:short_grass":8,"minecraft:deepslate":5,"minecraft:oak_leaves":2,"minecraft:furnace":2,"minecraft:deepslate_diamond_ore":16,"minecraft:deepslate_iron_ore":22,"minecraft:crafting_table":2,"minecraft:leaf_litter":1,"minecraft:dripstone_block":2,"minecraft:oak_log":10,"minecraft:iron_ore":42,"minecraft:copper_ore":9,"minecraft:stone":150},"minecraft:custom":{"minecraft:time_since_rest":904,"minecraft:leave_game":1,"minecraft:damage_taken":1427,"minecraft:mob_kills":46,"minecraft:time_since_death":39927,"minecraft:interact_with_furnace":42,"minecraft:sleep_in_bed":2,"minecraft:total_world_time":70488,"minecraft:swim_one_cm":1744,"minecraft:crouch_one_cm":1160,"minecraft:deaths":1,"minecraft:damage_blocked_by_shield":424,"minecraft:interact_with_crafting_table":28,"minecraft:walk_one_cm":157692,"minecraft:walk_under_water_one_cm":1313,"minecraft:play_time":70488,"minecraft:damage_dealt":7960,"minecraft:jump":1198,"minecraft:drop":25,"minecraft:bell_ring":3,"minecraft:sprint_one_cm":140827,"minecraft:fall_one_cm":30366,"minecraft:fly_one_cm":162899,"minecraft:walk_on_water_one_cm":5943,"minecraft:sneak_time":423}},"DataVersion":4556}