{"stats":{"minecraft:used":{"minecraft:iron_leggings":1,"minecraft:cobbled_deepslate":1,"minecraft:shield":29,"minecraft:iron_pickaxe":72,"minecraft:iron_sword":68,"minecraft:wheat_seeds":12,"minecraft:wooden_axe":20,"minecraft:furnace":2,"minecraft:light_gray_wool":1,"minecraft:cooked_porkchop":10,"minecraft:granite":3,"minecraft:torch":34,"minecraft:dirt":2,"minecraft:iron_boots":1,"minecraft:stone_sword":96,"minecraft:black_wool":1,"minecraft:wooden_pickaxe":40,"minecraft:cooked_chicken":2,"minecraft:cobblestone":30,"minecraft:carrot":8,"minecraft:crafting_table":4,"minecraft:iron_helmet":1,"minecraft:iron_chestplate":1,"minecraft:brown_wool":1,"minecraft:white_bed":2,"minecraft:stone_pickaxe":108,"minecraft:pointed_dripstone":3},"minecraft:dropped":{"minecraft:rotten_flesh":6,"minecraft:beetroot_seeds":1,"minecraft:pointed_dripstone":1,"minecraft:string":1,"minecraft:wooden_pickaxe":1,"minecraft:egg":2,"minecraft:wheat_seeds":1,"minecraft:wooden_axe":1,"minecraft:gunpowder":1,"minecraft:granite":3,"minecraft:spider_eye":1,"minecraft:feather":4,"minecraft:azure_bluet":1,"minecraft:oak_sapling":2},"minecraft:crafted":{"minecraft:stone_sword":1,"minecraft:furnace":2,"minecraft:wooden_axe":1,"minecraft:iron_ingot":32,"minecraft:cooked_chicken":2,"minecraft:stone_pickaxe":1,"minecraft:bread":15,"minecraft:cooked_mutton":3,"minecraft:iron_chestplate":1,"minecraft:iron_boots":1,"minecraft:crafting_table":2,"minecraft:torch":40,"minecraft:stick":20,"minecraft:wooden_pickaxe":1,"minecraft:cooked_beef":3,"minecraft:shield":1,"minecraft:oak_planks":40,"minecraft:cooked_porkchop":10,"minecraft:iron_helmet":1,"minecraft:iron_pickaxe":1,"minecraft:iron_sword":1,"minecraft:air":0,"minecraft:wheat":45,"minecraft:iron_leggings":1},"minecraft:killed":{"minecraft:zombie":17,"minecraft:skeleton":7,"minecraft:chicken":4,"minecraft:creeper":1,"minecraft:sheep":3,"minecraft:pig":4,"minecraft:cow":2,"minecraft:spider":1},"minecraft:picked_up":{"minecraft:carrot":9,"minecraft:dirt":2,"minecraft:cobblestone":54,"minecraft:brown_wool":1,"minecraft:white_bed":2,"minecraft:light_gray_wool":1,"minecraft:leather":3,"minecraft:torch":7,"minecraft:bone":9,"minecraft:azure_bluet":1,"minecraft:coal":35,"minecraft:oak_log":10,"minecraft:wooden_axe":1,"minecraft:potato":4,"minecraft:furnace":1,"minecraft:diamond":11,"minecraft:wheat_seeds":13,"minecraft:granite":6,"minecraft:lapis_lazuli":15,"minecraft:spider_eye":1,"minecraft:egg":2,"minecraft:porkchop":10,"minecraft:feather":4,"minecraft:black_wool":1,"minecraft:chicken":3,"minecraft:crafting_table":3,"minecraft:arrow":4,"minecraft:oak_sapling":2,"minecraft:iron_ingot":1,"minecraft:rotten_flesh":16,"minecraft:raw_iron":81,"minecraft:beef":3,"minecraft:cobbled_deepslate":11,"minecraft:andesite":3,"minecraft:beetroot_seeds":1,"minecraft:pointed_dripstone":4,"minecraft:hay_block":5,"minecraft:string":2,"minecraft:raw_gold":6,"minecraft:mutton":6,"minecraft:gunpowder":1},"minecraft:mined":{"minecraft:beetroots":1,"minecraft:torch":4,"minecraft:coal_ore":36,"minecraft:wheat":12,"minecraft:carrots":9,"minecraft:hay_block":5,"minecraft:cobblestone":1,"minecraft:white_bed":2,"minecraft:short_grass":12,"minecraft:oak_leaves":4,"minecraft:furnace":1,"minecraft:crafting_table":3,"minecraft:pointed_dripstone":1,"minecraft:andesite":3,"minecraft:grass_block":2,"minecraft:deepslate_gold_ore":6,"minecraft:wall_torch":1,"minecraft:deepslate":14,"minecraft:deepslate_lapis_ore":3,"minecraft:deepslate_diamond_ore":11,"minecraft:deepslate_iron_ore":35,"minecraft:potatoes":4,"minecraft:oak_log":10,"minecraft:azure_bluet":1,"minecraft:iron_ore":48,"minecraft:stone":55},"minecraft:custom":{"minecraft:damage_blocked_by_shield":650,"minecraft:interact_with_crafting_table":24,"minecraft:time_since_rest":43502,"minecraft:walk_one_cm":151698,"minecraft:leave_game":1,"minecraft:walk_under_water_one_cm":1021,"minecraft:damage_taken":1316,"minecraft:mob_kills":39,"minecraft:play_time":55124,"minecraft:damage_dealt":6654,"minecraft:jump":934,"minecraft:time_since_death":55124,"minecraft:drop":19,"minecraft:interact_with_furnace":43,"minecraft:sprint_one_cm":101944,"minecraft:sleep_in_bed":1,"minecraft:fall_one_cm":25287,"minecraft:total_world_time":55124,"minecraft:swim_one_cm":3068,"minecraft:fly_one_cm":85310,"minecraft:walk_on_water_one_cm":6012,"minecraft:crouch_one_cm":3896,"minecraft:sneak_time":2070}},"DataVersion":4556}